Workbook

Sheet Dashboard
A1: PREDICCIÓN COPA MUNDIAL FIFA 2026 — DASHBOARD DEL PROYECTO
A2: Metodología CRISP-DM | Modelo Poisson + Perfil de campeón + 10,000 simulaciones Monte Carlo | Karen Chuquimia — UNIFRANZ, Ciencia de Datos 2026
A4: CAMPEÓN PREDICHO | D4: PROBABILIDAD | G4: 2º FAVORITO | J4: SIMULACIONES | M4: BACKTEST TOP-3 | P4: VALIDACIÓN EXTERNA
A5: =Probabilidades!B2 -> Brasil | D5: =Probabilidades!J2 -> 0.16217588 | G5: =Probabilidades!B3&" ("&FIXED(Probabilidades!J3*100,1)&"%)" -> Francia (14,0%) | J5: 10000 | M5: =Evaluacion!C38 -> 0.95454545 | P5: 0.927
A6: el más probable de 48 | D6: ensamble 60/40 | G6: ="3º: "&Probabilidades!B4&" ("&FIXED(Probabilidades!J4*100,1)&"%)" -> 3º: España (12,6%) | J6: torneos Monte Carlo | M6: campeón real en top-3 (22 ed.) | P6: Spearman vs baseline
A55: Fuente: dataset FIFA World Cup 1930–2026 (12 CSV) | Resultados reproducibles con semilla 42 | Detalle completo: hojas Probabilidades, Evaluacion y ELO_Historico | Notebook: H5-CHUQUIMIA_KAREN-Prediccion_Mundial2026.ipynb

Sheet Probabilidades
A1: Pos. | B1: Selección | C1: Grupo | D1: Confederación | E1: Rank FIFA | F1: ELO 2026 | G1: ELO ajustado | H1: % Simulación MC | I1: % Perfil histórico | J1: % FINAL (ensamble) | K1: % Baseline dataset | L1: % 16avos | M1: % Octavos | N1: % Cuartos | O1: % Semifinal | P1: % Final | Q1: % Campeón
A2: =ROW()-1 -> 1 | B2: Brasil | C2: C | D2: CONMEBOL | E2: 6 | F2: 2030 | G2: 2034 | H2: 0.2401 | I2: 0.045289704 | J2: 0.16217588 | K2: 0.092 | L2: 1 | M2: 0.9532 | N2: 0.7788 | O2: 0.5572 | P2: 0.3762 | Q2: 0.2401
A3: =ROW()-1 -> 2 | B3: Francia | C3: I | D3: UEFA | E3: 1 | F3: 1990 | G3: 2018 | H3: 0.1871 | I3: 0.068647908 | J3: 0.13971916 | K3: 0.142 | L3: 0.9999 | M3: 0.9384 | N3: 0.7255 | O3: 0.4956 | P3: 0.3115 | Q3: 0.1871
A4: =ROW()-1 -> 3 | B4: España | C4: H | D4: UEFA | E4: 2 | F4: 1990 | G4: 2010 | H4: 0.1573 | I4: 0.078777576 | J4: 0.12589103 | K4: 0.128 | L4: 1 | M4: 0.933 | N4: 0.7007 | O4: 0.4708 | P4: 0.2866 | Q4: 0.1573
A5: =ROW()-1 -> 4 | B5: Argentina | C5: J | D5: CONMEBOL | E5: 3 | F5: 1980 | G5: 1992 | H5: 0.1191 | I5: 0.065002369 | J5: 0.097460948 | K5: 0.115 | L5: 0.9997 | M5: 0.9254 | N5: 0.6881 | O5: 0.434 | P5: 0.2348 | Q5: 0.1191
A6: =ROW()-1 -> 5 | B6: Alemania | C6: E | D6: UEFA | E6: 10 | F6: 1960 | G6: 1964 | H6: 0.0738 | I6: 0.060296338 | J6: 0.068398535 | K6: 0.062 | L6: 1 | M6: 0.9096 | N6: 0.6319 | O6: 0.3485 | P6: 0.1704 | Q6: 0.0738
A7: =ROW()-1 -> 6 | B7: Inglaterra | C7: L | D7: UEFA | E7: 4 | F7: 1940 | G7: 1956 | H7: 0.0554 | I7: 0.07923241 | J7: 0.064932964 | K7: 0.108 | L7: 0.9992 | M7: 0.8588 | N7: 0.5369 | O7: 0.2807 | P7: 0.1279 | Q7: 0.0554
A8: =ROW()-1 -> 7 | B8: Países Bajos | C8: F | D8: UEFA | E8: 7 | F8: 1940 | G8: 1960 | H8: 0.0545 | I8: 0.074395577 | J8: 0.062458231 | K8: 0.068 | L8: 0.9956 | M8: 0.8527 | N8: 0.5475 | O8: 0.2838 | P8: 0.134 | Q8: 0.0545
A9: =ROW()-1 -> 8 | B9: Portugal | C9: K | D9: UEFA | E9: 5 | F9: 1940 | G9: 1952 | H9: 0.0506 | I9: 0.071671337 | J9: 0.059028535 | K9: 0.074 | L9: 0.9986 | M9: 0.8532 | N9: 0.5259 | O9: 0.2779 | P9: 0.1242 | Q9: 0.0506
A10: =ROW()-1 -> 9 | B10: Bélgica | C10: G | D10: UEFA | E10: 9 | F10: 1900 | G10: 1912 | H10: 0.0207 | I10: 0.057648477 | J10: 0.035479391 | K10: 0.058 | L10: 0.9987 | M10: 0.8129 | N10: 0.4604 | O10: 0.1868 | P10: 0.0648 | Q10: 0.0207
A11: =ROW()-1 -> 10 | B11: Croacia | C11: L | D11: UEFA | E11: 11 | F11: 1880 | G11: 1880 | H11: 0.0063 | I11: 0.055475884 | J11: 0.025970353 | K11: 0.028 | L11: 0.9915 | M11: 0.6498 | N11: 0.2465 | O11: 0.0876 | P11: 0.0252 | Q11: 0.0063
A12: =ROW()-1 -> 11 | B12: Colombia | C12: K | D12: CONMEBOL | E12: 13 | F12: 1870 | G12: 1886 | H12: 0.0084 | I12: 0.050812829 | J12: 0.025365132 | K12: 0.034 | L12: 0.9918 | M12: 0.66 | N12: 0.2644 | O12: 0.0959 | P12: 0.0294 | Q12: 0.0084
A13: =ROW()-1 -> 12 | B13: Uruguay | C13: H | D13: CONMEBOL | E13: 17 | F13: 1890 | G13: 1898 | H13: 0.0095 | I13: 0.043546157 | J13: 0.023118463 | K13: 0.032 | L13: 0.9977 | M13: 0.7022 | N13: 0.2771 | O13: 0.1109 | P13: 0.0357 | Q13: 0.0095
... A49: =ROW()-1 -> 48 | B49: Curaçao | C49: E | D49: CONCACAF | E49: 81 | F49: 1480 | G49: 1468 | H49: 0 | I49: 9.5180703e-06 | J49: 3.8072281e-06 | K49: 0.001 | L49: 0.0236 | M49: 0.0003 | N49: 0 | O49: 0 | P49: 0 | Q49: 0
B51: Fuente: simulación Monte Carlo (10,000 torneos, semilla 42) — notebook H5-CHUQUIMIA_KAREN-Prediccion_Mundial2026.ipynb, Fases 5.3–5.6

Sheet Evaluacion
A1: EVALUACIÓN DEL MODELO (Fase 6 del notebook)
A3: A. Modelo de partido — partición temporal (entrena 1930-2006, prueba 2010-2022)
A4: Métrica | B4: Modelo | C4: Referencia | D4: Lectura
A5: Accuracy | B5: 70.4% | C5: Mayor ELO gana: 85.2% | Clase mayoritaria: 70.4% | D5: No supera la regla determinista (27 partidos de prueba)
A6: Log-loss | B6: 0.540 | C6: Azar puro: 0.693 | D6: Calibración probabilística mejor que el azar
A7: Brier score | B7: 0.188 | C7: Azar puro: 0.250 | D7: Probabilidades bien calibradas
A8: MAE goles (Poisson) | B8: 0.987 | C8: Predecir la media: 1.258 | D8: El motor de la simulación supera al baseline (-22% de error)
A9: Fuente: notebook Fase 6.1 (valores calculados con sklearn.metrics)
A11: B. Backtesting leave-one-tournament-out — 22 ediciones (1930-2022)
A12: Edición | B12: Campeón real | C12: Predicho #1 (RF) | D12: Rank campeón (RF) | E12: Predicho #1 (Logit) | F12: Rank campeón (Logit)
A13: 1930 | B13: Uruguay | C13: Uruguay | D13: 1 | E13: Uruguay | F13: 1
A14: 1934 | B14: Italia | C14: Italia | D14: 1 | E14: Italia | F14: 1
A15: 1938 | B15: Italia | C15: Italia | D15: 1 | E15: Italia | F15: 1
A16: 1950 | B16: Uruguay | C16: Brasil | D16: 2 | E16: Uruguay | F16: 1
A17: 1954 | B17: West Germany | C17: Uruguay | D17: 3 | E17: Hungary | F17: 3
A18: 1958 | B18: Brasil | C18: Brasil | D18: 1 | E18: Brasil | F18: 1
A19: 1962 | B19: Brasil | C19: West Germany | D19: 2 | E19: Brasil | F19: 1
A20: 1966 | B20: Inglaterra | C20: Brasil | D20: 3 | E20: Brasil | F20: 2
A21: 1970 | B21: Brasil | C21: Brasil | D21: 1 | E21: Brasil | F21: 1
A22: 1974 | B22: West Germany | C22: West Germany | D22: 1 | E22: West Germany | F22: 1
A23: 1978 | B23: Argentina | C23: Argentina | D23: 1 | E23: Argentina | F23: 1
A24: 1982 | B24: Italia | C24: Brasil | D24: 3 | E24: Brasil | F24: 2
... A34: 2022 | B34: Argentina | C34: Francia | D34: 2 | E34: Brasil | F34: 3
A36: C. Tasas de acierto (calculadas con fórmulas sobre la tabla B)
A37: Modelo | B37: Top-1 | C37: Top-3 | D37: Top-5 | E37: Rank medio
A38: Random Forest | B38: =COUNTIF(D13:D34,1)/22 -> 0.5 | C38: =COUNTIF(D13:D34,"<=3")/22 -> 0.95454545 | D38: =COUNTIF(D13:D34,"<=5")/22 -> 1 | E38: =AVERAGE(D13:D34) -> 1.7272727
A39: Regresión Logística | B39: =COUNTIF(F13:F34,1)/22 -> 0.5 | C39: =COUNTIF(F13:F34,"<=3")/22 -> 0.95454545 | D39: =COUNTIF(F13:F34,"<=5")/22 -> 0.95454545 | E39: =AVERAGE(F13:F34) -> 1.8181818
A40: Referencia por azar | B40: 0.05 | C40: 0.36 | D40: 0.55
A41: Valores azules: referencia teórica (3/n equipos promedio). Fuente: notebook Fase 6.2
A43: D. Validación externa contra el baseline del dataset
A44: Correlación Spearman — P(campeón) | C44: 0.927
A45: Correlación Spearman — P(superar fase de grupos) | C45: 0.973
A46: Fuente: notebook Fase 6.3 (scipy.stats.spearmanr)

Sheet ELO_Historico
A1: Evolución del rating ELO en cada participación mundialista (fuente: wc_team_appearances.csv + wc_prediction_features_2026.csv)
A2: Edición | B2: Brasil | C2: Francia | D2: España | E2: Argentina | F2: Alemania | G2: Inglaterra
A3: 1930 | B3: 1700 | C3: 1700 | E3: 1900
A4: 1934 | B4: 1720 | D4: 1780 | F4: 1820
A5: 1938 | B5: 1800 | C5: 1730
A6: 1950 | B6: 1900 | D6: 1820 | G6: 1800
A7: 1954 | B7: 1890 | G7: 1820
A8: 1958 | B8: 1950 | C8: 1800 | E8: 1830
A9: 1962 | B9: 1980 | G9: 1860
A10: 1966 | B10: 1980 | E10: 1860 | G10: 1940
A11: 1970 | B11: 2000 | G11: 1940
A12: 1974 | B12: 1980 | E12: 1890
A13: 1978 | B13: 1990 | E13: 1960
A14: 1982 | B14: 2000 | C14: 1900 | D14: 1890 | E14: 1920 | G14: 1900
A15: 1986 | B15: 1990 | C15: 1920 | D15: 1880 | E15: 1970 | G15: 1880
A16: 1990 | E16: 1950 | G16: 1910
A17: 1994 | B17: 2000 | D17: 1910 | F17: 1960
A18: 1998 | B18: 2010 | C18: 1970 | E18: 1950 | F18: 1960 | G18: 1900
A19: 2002 | B19: 2050 | D19: 1920 | F19: 1940 | G19: 1900
A20: 2006 | B20: 2030 | C20: 1960 | E20: 1960 | F20: 1960 | G20: 1910
A21: 2010 | B21: 2040 | D21: 1980 | E21: 1960 | F21: 1960
A22: 2014 | B22: 2020 | C22: 1960 | E22: 1960 | F22: 1990
A23: 2018 | B23: 2030 | C23: 1980 | G23: 1900
A24: 2022 | B24: 2030 | C24: 1980 | E24: 1980 | G24: 1930
A25: 2026 | B25: 2030 | C25: 1990 | D25: 1990 | E25: 1980 | F25: 1960 | G25: 1940

Sheet Aux_Graficos
A1: Hoja auxiliar: alimenta los gráficos del Dashboard (no editar)
A2: Selección | B2: P(campeón)
A3: =Probabilidades!B13 -> Uruguay | B3: =Probabilidades!J13 -> 0.023118463
A4: =Probabilidades!B12 -> Colombia | B4: =Probabilidades!J12 -> 0.025365132
A5: =Probabilidades!B11 -> Croacia | B5: =Probabilidades!J11 -> 0.025970353
A6: =Probabilidades!B10 -> Bélgica | B6: =Probabilidades!J10 -> 0.035479391
A7: =Probabilidades!B9 -> Portugal | B7: =Probabilidades!J9 -> 0.059028535
A8: =Probabilidades!B8 -> Países Bajos | B8: =Probabilidades!J8 -> 0.062458231
A9: =Probabilidades!B7 -> Inglaterra | B9: =Probabilidades!J7 -> 0.064932964
A10: =Probabilidades!B6 -> Alemania | B10: =Probabilidades!J6 -> 0.068398535
A11: =Probabilidades!B5 -> Argentina | B11: =Probabilidades!J5 -> 0.097460948
A12: =Probabilidades!B4 -> España | B12: =Probabilidades!J4 -> 0.12589103
A13: =Probabilidades!B3 -> Francia | B13: =Probabilidades!J3 -> 0.13971916
A14: =Probabilidades!B2 -> Brasil | B14: =Probabilidades!J2 -> 0.16217588
A17: Etapa | B17: =Probabilidades!B2 -> Brasil | C17: =Probabilidades!B3 -> Francia | D17: =Probabilidades!B4 -> España | E17: =Probabilidades!B5 -> Argentina | F17: =Probabilidades!B6 -> Alemania
A18: 16avos | B18: =Probabilidades!L2 -> 1 | C18: =Probabilidades!L3 -> 0.9999 | D18: =Probabilidades!L4 -> 1 | E18: =Probabilidades!L5 -> 0.9997 | F18: =Probabilidades!L6 -> 1
A19: Octavos | B19: =Probabilidades!M2 -> 0.9532 | C19: =Probabilidades!M3 -> 0.9384 | D19: =Probabilidades!M4 -> 0.933 | E19: =Probabilidades!M5 -> 0.9254 | F19: =Probabilidades!M6 -> 0.9096
A20: Cuartos | B20: =Probabilidades!N2 -> 0.7788 | C20: =Probabilidades!N3 -> 0.7255 | D20: =Probabilidades!N4 -> 0.7007 | E20: =Probabilidades!N5 -> 0.6881 | F20: =Probabilidades!N6 -> 0.6319
A21: Semifinal | B21: =Probabilidades!O2 -> 0.5572 | C21: =Probabilidades!O3 -> 0.4956 | D21: =Probabilidades!O4 -> 0.4708 | E21: =Probabilidades!O5 -> 0.434 | F21: =Probabilidades!O6 -> 0.3485
A22: Final | B22: =Probabilidades!P2 -> 0.3762 | C22: =Probabilidades!P3 -> 0.3115 | D22: =Probabilidades!P4 -> 0.2866 | E22: =Probabilidades!P5 -> 0.2348 | F22: =Probabilidades!P6 -> 0.1704
A23: Campeón | B23: =Probabilidades!Q2 -> 0.2401 | C23: =Probabilidades!Q3 -> 0.1871 | D23: =Probabilidades!Q4 -> 0.1573 | E23: =Probabilidades!Q5 -> 0.1191 | F23: =Probabilidades!Q6 -> 0.0738
A26: Confederación | B26: P(campeón) agregada
A27: AFC | B27: =SUMIF(Probabilidades!$D$2:$D$49,A27,Probabilidades!$J$2:$J$49) -> 0.014620892
A28: CAF | B28: =SUMIF(Probabilidades!$D$2:$D$49,A28,Probabilidades!$J$2:$J$49) -> 0.028133782
A29: CONCACAF | B29: =SUMIF(Probabilidades!$D$2:$D$49,A29,Probabilidades!$J$2:$J$49) -> 0.034155861
A30: CONMEBOL | B30: =SUMIF(Probabilidades!$D$2:$D$49,A30,Probabilidades!$J$2:$J$49) -> 0.31134773
A31: OFC | B31: =SUMIF(Probabilidades!$D$2:$D$49,A31,Probabilidades!$J$2:$J$49) -> 3.1787893e-05
A32: UEFA | B32: =SUMIF(Probabilidades!$D$2:$D$49,A32,Probabilidades!$J$2:$J$49) -> 0.61170995

Sheet Defensa
B1: GUÍA PARA LA DEFENSA DEL PROYECTO
B3: PITCH DE 1 MINUTO
B4: La pregunta | C4: ¿Quién ganará el Mundial 2026? Se respondió con probabilidades, no con adivinanzas: se modeló el torneo completo con datos de 92 años de mundiales.
B5: El método | C5: CRISP-DM de inicio a fin: comprensión del negocio y de los datos, limpieza documentada, EDA que valida los supuestos, tres modelos complementarios (Poisson de goles, perfil de campeón y simulación Monte Carlo de 10,000 torneos con el formato real de 48 equipos), evaluación rigurosa y dashboard.
B6: El resultado | C6: Brasil es el campeón más probable (16.2%), seguido de Francia (14.0%) y España (12.6%). Brasil llega a la final en el 37.6% de las simulaciones.
B7: La validación | C7: En backtesting sobre las 22 ediciones históricas, el campeón real quedó en el top-3 del modelo el 95.5% de las veces; la correlación con un baseline externo independiente es 0.93.
B9: FORTALEZAS PARA DESTACAR
B10: Reproducibilidad total | C10: Semilla fija (42): cualquier persona que ejecute el notebook obtiene exactamente los mismos números. Es ciencia, no lotería.
B11: Validación triple | C11: (1) Partición temporal sin fuga de información; (2) backtesting leave-one-tournament-out sobre 22 ediciones; (3) comparación con un baseline externo que el modelo nunca vio.
B12: Formato real del torneo | C12: La simulación reproduce el formato 2026 exacto: 12 grupos, mejores terceros, dieciseisavos, prórrogas y penales.
B13: Honestidad metodológica | C13: El informe declara la métrica donde el modelo no ganó (accuracy puntual vs regla ELO en 27 partidos) y explica por qué no afecta la simulación.
B14: Hallazgo no obvio | C14: A igualdad de fuerza, los títulos del pasado NO aumentan la probabilidad de ganar (odds ratio 0.60): los campeones son potencias en su pico, no museos de trofeos.
B16: PREGUNTAS PROBABLES DEL TRIBUNAL
B17: ¿Por qué Brasil y no Francia, si el dataset decía Francia? | C17: El baseline del dataset pondera más la forma reciente (Francia 24 pts vs Brasil 18). Nuestro ensamble pondera la fuerza estructural: Brasil tiene el ELO más alto del torneo (2030). La diferencia entre ambos es de menos de 3 puntos porcentuales: estadísticamente es casi un empate y ambas respuestas son defendibles. Lo importante es que el método para llegar a la respuesta es transparente y validado.
B18: ¿16% no es muy poco para un "campeón predicho"? | C18: Al contrario: con 48 equipos y 5 rondas de eliminación directa, el participante promedio tiene ~2%. Brasil tiene 8 veces más. Los favoritos históricos reales rondan 15-20% ex-ante. Quien promete certezas en un torneo de eliminación directa no entiende el problema.
B19: ¿Cómo sé que el modelo no está sobreajustado? | C19: Tres mecanismos: el backtest entrena 22 veces excluyendo la edición que evalúa (nunca ve la respuesta); el modelo de campeón usa solo 4 variables (no memoriza); y la evaluación temporal entrena con 1930-2006 y prueba con 2010-2022.
B20: ¿Por qué Poisson y no una red neuronal? | C20: Con 117 partidos históricos, un modelo complejo memorizaría el ruido. Poisson es el estándar de la literatura de pronóstico futbolístico (Maher 1982, Dixon & Coles 1997), tiene 2 parámetros interpretables y genera marcadores y empates de forma natural.
B21: ¿Qué pasa si se lesiona Mbappé o Vinicius? | C21: Limitación declarada: el modelo trabaja a nivel selección, no jugador. La recomendación 4 del informe propone incorporar variables de nivel jugador. El modelo se puede recalcular en minutos si cambia el ELO.
B22: ¿La limpieza de datos fue real o cosmética? | C22: Documentada en Fase 3: se eliminó una columna 100% nula (fifa_ranking), se filtraron 2 registros de equipos que no jugaron, se estandarizó el ELO por edición (clave: 1900 en 1950 ≠ 1900 en 2022) y hay asserts que detienen la ejecución si la integridad falla.
B24: LIMITACIONES (decirlas ANTES de que las pregunten)
B25: Bracket simulado | C25: El cuadro de cruces usa sembrado estándar; el bracket oficial FIFA puede diferir. Recomendación: actualizarlo cuando se publique.
B26: Muestra de partidos | C26: 117 partidos históricos priorizan eliminatorias; no está toda la fase de grupos de cada edición.
B27: Datos pre-torneo | C27: ELO y valores de mercado son de abril 2026; la forma cambia semana a semana. El modelo es una foto, actualizable en vivo.
B29: Consejo final: abrir la defensa con el Dashboard, profundizar con el notebook, cerrar con las limitaciones y recomendaciones. La honestidad sobre los límites del modelo es lo que más valora un tribunal.
